INSERT INTO curso (id, nome) VALUES
('c1', 'Engenharia da Computação'),
('c2', 'Ciência da Computação'),
('c3', 'Sistemas de Informação'),
('c4', 'Engenharia Elétrica'),
('c5', 'Matemática'),
('c6', 'Física'),
('c7', 'Química'),
('c8', 'História'),
('c9', 'Geografia'),
('c10', 'Letras'),
('c11', 'Administração'),
('c12', 'Contabilidade'),
('c13', 'Direito'),
('c14', 'Biomedicina'),
('c15', 'Enfermagem'),
('c16', 'Medicina'),
('c17', 'Farmácia'),
('c18', 'Pedagogia'),
('c19', 'Arquitetura'),
('c20', 'Design');

INSERT INTO usuario (
  id, ra, siape, nome, sobrenome, data_nasc, email, telefone, perfil, senha
) VALUES
('u1',  'RA001', NULL,     'João',     'Silva',     '2000-01-01', 'joao@gmail.com',     '11999990001', 'aluno',        '123456'),
('u2',  'RA002', NULL,     'Maria',    'Souza',     '2001-02-03', 'maria@gmail.com',    '11999990002', 'aluno',        '123456'),
('u3',  NULL,    'SI001',  'Carlos',   'Oliveira',  '1980-03-04', 'carlos@utfpr.edu',   '11999990003', 'professor',    '123456'),
('u4',  NULL,    'SI002',  'Ana',      'Lima',      '1975-04-05', 'ana@utfpr.edu',      '11999990004', 'professor',    '123456'),
('u5',  NULL,    'SI003',  'Roberto',  'Mendes',    '1970-05-06', 'roberto@utfpr.edu',  '11999990005', 'bibliotecario','123456'),
('u6',  'RA003', NULL,     'Paula',    'Dias',      '2002-06-07', 'paula@gmail.com',    '11999990006', 'aluno',        '123456'),
('u7',  'RA004', NULL,     'Lucas',    'Ferreira',  '2003-07-08', 'lucas@gmail.com',    '11999990007', 'aluno',        '123456'),
('u8',  'RA005', NULL,     'Fernanda', 'Castro',    '2001-08-09', 'fernanda@gmail.com', '11999990008', 'aluno',        '123456'),
('u9',  NULL,    'SI004',  'Sérgio',   'Almeida',   '1985-09-10', 'sergio@utfpr.edu',   '11999990009', 'professor',    '123456'),
('u10', NULL,    'SI005',  'Mariana',  'Pereira',   '1988-10-11', 'mariana@utfpr.edu',  '11999990010', 'bibliotecario','123456'),
('u11','RA006', NULL,     'Eduardo',  'Lopes',     '2000-01-12', 'eduardo@gmail.com',  '11999990011', 'aluno',        '123456'),
('u12','RA007', NULL,     'Jéssica',  'Moreira',   '2002-02-13', 'jessica@gmail.com',  '11999990012', 'aluno',        '123456'),
('u13','RA008', NULL,     'Thiago',   'Rocha',     '2001-03-14', 'thiago@gmail.com',   '11999990013', 'aluno',        '123456'),
('u14', NULL,    'SI006',  'Patrícia', 'Santos',    '1987-04-15', 'patricia@utfpr.edu', '11999990014', 'professor',    '123456'),
('u15', NULL,    'SI007',  'Renato',   'Teixeira',  '1982-05-16', 'renato@utfpr.edu',   '11999990015', 'bibliotecario','123456'),
('u16','RA009', NULL,     'Camila',   'Ribeiro',   '2000-06-17', 'camila@gmail.com',   '11999990016', 'aluno',        '123456'),
('u17','RA010', NULL,     'Rafael',   'Martins',   '2001-07-18', 'rafael@gmail.com',   '11999990017', 'aluno',        '123456'),
('u18','RA011', NULL,     'Juliana',  'Barros',    '2002-08-19', 'juliana@gmail.com',  '11999990018', 'aluno',        '123456'),
('u19','RA012', NULL,     'Felipe',   'Nunes',     '2003-09-20', 'felipe@gmail.com',   '11999990019', 'aluno',        '123456'),
('u20','RA013', NULL,     'Larissa',  'Vieira',    '2001-10-21', 'larissa@gmail.com',  '11999990020', 'aluno',        '123456');


INSERT INTO usuario_curso (id_usuario, id_curso) VALUES
('u1', 'c1'), ('u2', 'c1'), ('u6', 'c2'), ('u7', 'c2'), ('u8', 'c3'),
('u11', 'c3'), ('u12', 'c4'), ('u13', 'c5'), ('u16', 'c6'), ('u17', 'c6'),
('u18', 'c7'), ('u19', 'c8'), ('u20', 'c9'), ('u1', 'c9'), ('u6', 'c10'),
('u2', 'c11'), ('u7', 'c12'), ('u8', 'c13'), ('u11', 'c14'), ('u12', 'c15');

INSERT INTO livro (isbn, titulo, edicao, editora, qtd_disponivel, genero, caminho_img, descricao, total_avaliacoes, total_estrelas) VALUES
('isbn1', 'Introdução à Programação', '1ª', 'Pearson', 10, 'Tecnologia', 'img1.jpg', 'Aprenda lógica de programação.', 15, 65),
('isbn2', 'Algoritmos', '2ª', 'Campus', 5, 'Tecnologia', 'img2.jpg', 'Estruturas e algoritmos básicos.', 10, 45),
('isbn3', 'Cálculo I', '3ª', 'LTC', 7, 'Matemática', 'img3.jpg', 'Funções, limites e derivadas.', 20, 80),
('isbn4', 'História do Brasil', '2ª', 'Saraiva', 4, 'História', 'img4.jpg', 'Períodos históricos.', 8, 36),
('isbn5', 'Química Geral', '1ª', 'Atlas', 6, 'Química', 'img5.jpg', 'Introdução à química.', 12, 50),
('isbn6', 'Física Mecânica', '3ª', 'Bookman', 3, 'Física', 'img6.jpg', 'Movimento e forças.', 9, 40),
('isbn7', 'Design Digital', '2ª', 'Elsevier', 5, 'Design', 'img7.jpg', 'Conceitos de design.', 11, 52),
('isbn8', 'Arquitetura Moderna', '1ª', 'Moderna', 4, 'Arquitetura', 'img8.jpg', 'Arquitetura no século XX.', 7, 33),
('isbn9', 'Farmacologia', '1ª', 'Guanabara Koogan', 2, 'Saúde', 'img9.jpg', 'Medicamentos e tratamentos.', 5, 22),
('isbn10', 'Administração Geral', '3ª', 'Atlas', 8, 'Administração', 'img10.jpg', 'Teorias administrativas.', 14, 60),
('isbn11', 'Contabilidade Básica', '1ª', 'Atlas', 6, 'Contabilidade', 'img11.jpg', 'Conceitos iniciais.', 10, 40),
('isbn12', 'Direito Constitucional', '2ª', 'RT', 5, 'Direito', 'img12.jpg', 'Leis e constituições.', 9, 38),
('isbn13', 'Biomedicina Moderna', '1ª', 'Manole', 4, 'Biomedicina', 'img13.jpg', 'Estudos biomédicos.', 7, 30),
('isbn14', 'Pedagogia da Autonomia', '2ª', 'Paz e Terra', 9, 'Educação', 'img14.jpg', 'Paulo Freire.', 13, 55),
('isbn15', 'Enfermagem Básica', '1ª', 'LTC', 3, 'Enfermagem', 'img15.jpg', 'Procedimentos clínicos.', 6, 25),
('isbn16', 'Letras e Linguística', '1ª', 'Companhia das Letras', 5, 'Linguística', 'img16.jpg', 'Estudos de linguagem.', 8, 34),
('isbn17', 'Geografia Física', '2ª', 'Atual', 4, 'Geografia', 'img17.jpg', 'Territórios e natureza.', 10, 45),
('isbn18', 'Redação Científica', '1ª', 'Contexto', 7, 'Acadêmico', 'img18.jpg', 'Como escrever TCCs.', 12, 50),
('isbn19', 'Programação Web', '2ª', 'Érica', 5, 'Tecnologia', 'img19.jpg', 'HTML, CSS e JS.', 9, 39),
('isbn20', 'Banco de Dados', '1ª', 'Bookman', 6, 'Tecnologia', 'img20.jpg', 'Modelagem e SQL.', 11, 48);

INSERT INTO livro_autor (isbn_livro, nome_autor) VALUES
('isbn1', 'João Neto'),
('isbn2', 'Carlos Silva'),
('isbn3', 'Ana Martins'),
('isbn4', 'Marcos Lima'),
('isbn5', 'Paulo Santos'),
('isbn6', 'Fernanda Dias'),
('isbn7', 'Letícia Rocha'),
('isbn8', 'Renato Ribeiro'),
('isbn9', 'Juliana Moura'),
('isbn10', 'Sérgio Araújo'),
('isbn11', 'Cláudia Teixeira'),
('isbn12', 'Lucas Freitas'),
('isbn13', 'Amanda Nogueira'),
('isbn14', 'Paulo Freire'),
('isbn15', 'Rita Bastos'),
('isbn16', 'Joana Prado'),
('isbn17', 'Helena Duarte'),
('isbn18', 'César Oliveira'),
('isbn19', 'Felipe Barreto'),
('isbn20', 'Bruno Costa');

INSERT INTO livro_categoria (isbn_livro, nome_categoria, tipo) VALUES
('isbn1', 'Tecnologia', 'categoria'),
('isbn1', 'Programação', 'subcategoria'),
('isbn2', 'Tecnologia', 'categoria'),
('isbn3', 'Matemática', 'categoria'),
('isbn4', 'História', 'categoria'),
('isbn5', 'Ciências', 'categoria'),
('isbn6', 'Física', 'categoria'),
('isbn7', 'Design', 'categoria'),
('isbn8', 'Arquitetura', 'categoria'),
('isbn9', 'Saúde', 'categoria'),
('isbn10', 'Administração', 'categoria'),
('isbn11', 'Contabilidade', 'categoria'),
('isbn12', 'Direito', 'categoria'),
('isbn13', 'Biomedicina', 'categoria'),
('isbn14', 'Educação', 'categoria'),
('isbn15', 'Saúde', 'categoria'),
('isbn16', 'Linguística', 'categoria'),
('isbn17', 'Geografia', 'categoria'),
('isbn18', 'Acadêmico', 'categoria'),
('isbn19', 'Tecnologia', 'categoria');

INSERT INTO historico (id, isbn_livro, id_usuario, id_bibliotecario, criado_em, atualizado_em, status) VALUES
('h1', 'isbn1', 'u1', 'u5', NOW(), NOW(), 'ativo'),
('h2', 'isbn2', 'u2', 'u5', NOW(), NOW(), 'ativo'),
('h3', 'isbn3', 'u6', 'u5', NOW(), NOW(), 'ativo'),
('h4', 'isbn4', 'u7', 'u5', NOW(), NOW(), 'ativo'),
('h5', 'isbn5', 'u8', 'u5', NOW(), NOW(), 'ativo'),
('h6', 'isbn6', 'u11', 'u5', NOW(), NOW(), 'ativo'),
('h7', 'isbn7', 'u12', 'u5', NOW(), NOW(), 'ativo'),
('h8', 'isbn8', 'u13', 'u5', NOW(), NOW(), 'ativo'),
('h9', 'isbn9', 'u16', 'u5', NOW(), NOW(), 'ativo'),
('h10', 'isbn10', 'u17', 'u5', NOW(), NOW(), 'ativo'),
('h11', 'isbn11', 'u18', 'u5', NOW(), NOW(), 'inativo'),
('h12', 'isbn12', 'u19', 'u5', NOW(), NOW(), 'inativo'),
('h13', 'isbn13', 'u20', 'u5', NOW(), NOW(), 'ativo'),
('h14', 'isbn14', 'u1', 'u5', NOW(), NOW(), 'ativo'),
('h15', 'isbn15', 'u2', 'u5', NOW(), NOW(), 'ativo'),
('h16', 'isbn16', 'u6', 'u5', NOW(), NOW(), 'ativo'),
('h17', 'isbn17', 'u7', 'u5', NOW(), NOW(), 'ativo'),
('h18', 'isbn18', 'u8', 'u5', NOW(), NOW(), 'ativo'),
('h19', 'isbn19', 'u11', 'u5', NOW(), NOW(), 'ativo'),
('h20', 'isbn20', 'u12', 'u5', NOW(), NOW(), 'ativo');
